App,Number of Reviews,Price,Average Sentiment Polarity
10 Best Foods for You,388,$0.00,0.47073282065872246
11st,40,$0.00,0.18129421446608945
1800 Contacts - Lens Store,160,$0.00,0.3181447736291485
1LINE ‚Äì One Line with One Touch,38,$0.00,0.19629029961266795
2018Emoji Keyboard üòÇ Emoticons Lite -sticker&gif,32,$0.00,0.44956597222222217
21-Day Meditation Experience,160,$0.00,0.25801367845117845
"2Date Dating App, Love and matching",38,$0.00,0.28026717026523523
2GIS: directory & navigator,40,$0.00,0.22312904265873018
2RedBeans,39,$0.00,0.41219917902610204
2ndLine - Second Phone Number,40,$0.00,0.16896820887445888
30 Day Fitness Challenge - Workout at Home,31,$0.00,0.33353687339286425
365Scores - Live Scores,14,$0.00,0.4383116883116883
3D Live Neon Weed Launcher,2,$0.00,0.5681818181818181
4 in a Row,20,$0.00,0.28114351851851843
4K Wallpapers and Ultra HD Backgrounds,9,$0.00,0.17932800224466894
7 Cups: Anxiety & Stress Chat,8,$0.00,0.32467013888888896
7 Day Food Journal Challenge,9,$0.00,0.18941137566137567
7 Minute Workout,11,$0.00,0.41027777777777774
7 Weeks - Habit & Goal Tracker,14,$0.00,0.1428201362129934
8 Ball Pool,1533,$0.00,0.0012520071606733985
850 Sports News Digest,39,$0.00,0.5428597480561768
8fit Workouts & Meal Planner,342,$0.00,0.26486424130612735
95Live -SG#1 Live Streaming App,156,$0.00,0.06900233100233102
A Call From Santa Claus!,34,$0.00,0.008293862999745378
A Word A Day,4,$0.00,0.2772727272727273
A&E - Watch Full Episodes of TV Shows,152,$0.00,0.3538825757575755
A+ Gallery - Photos & Videos,41,$0.00,0.2088149162103866
A+ Mobile,84,$0.00,0.329592261904762
ABC Kids - Tracing & Phonics,37,$0.00,0.36777017277017277
ABC News - US & World News,140,$0.00,-0.042361839053803335
ABC Preschool Free,36,$0.00,0.22080488040123453
ABCmouse.com,36,$0.00,0.18250385802469138
AC - Tips & News for Android‚Ñ¢,70,$0.00,0.09841655071119358
ACE Elite,33,$0.00,0.25217091550424886
"AD - Nieuws, Sport, Regio & Entertainment",19,$0.00,0.16182364314883113
AMC Theatres,6,$0.00,0.13569444444444442
"AOL - News, Mail & Video",33,$0.00,0.09218199309108399
AP Mobile - Breaking News,72,$0.00,0.1951159148207759
APE Weather ( Live Forecast),33,$0.00,0.4323232323232322
"APUS Launcher - Theme, Wallpaper, Hide Apps",31,$0.00,0.4474731182795699
ARY NEWS,33,$0.00,0.23374426078971533
ARY NEWS URDU,34,$0.00,0.24342580213903744
ASOS,132,$0.00,0.3169166366041366
ASUS Calling Screen,24,$0.00,0.06316393097643097
ASUS Cover for ZenFone 2,6,$0.00,0.07638888888888888
ASUS Quick Memo,2,$0.00,0.029166666666666664
ASUS Sound Recorder,16,$0.00,0.5167708333333334
ASUS SuperNote,23,$0.00,0.1927914235522931
"AT&T Navigator: Maps, Traffic",29,$0.00,0.07130096542927516
AT&T Smart Wi-Fi,20,$0.00,0.1895487012987013
AT&T Visual Voicemail,25,$0.00,0.029975541125541138
"AVG Cleaner ‚Äì Speed, Battery & Memory Booster",35,$0.00,0.27366371882086166
Abs Training-Burn belly fat,36,$0.00,0.21741882334004725
Account Manager,33,$0.00,-0.08763520281275965
Accounting App - Zoho Books,142,$0.00,0.44866448692152927
AccuWeather: Daily Forecast & Live Weather Reports,64,$0.00,0.20072330975773356
Acorn TV: World-class TV from Britain and Beyond,23,$0.00,0.08605839058284712
Acorns - Invest Spare Change,10,$0.00,0.046666666666666655
AdWords Express,100,$0.00,0.1948439393939394
Ada - Your Health Guide,126,$0.00,0.30325629291068285
Add Text To Photo,34,$0.00,0.22970324746060045
Adobe Acrobat Reader,486,$0.00,0.15506166298122326
Adobe Photoshop Express:Photo Editor Collage Maker,84,$0.00,0.18538849807599808
Advanced Task Killer,15,$0.00,0.13885152116402116
Agar.io,272,$0.00,-0.06060223338072606
Age Calculator,32,$0.00,0.1313830266955267
Agoda ‚Äì Hotel Booking Deals,35,$0.00,0.4795306122448979
Air Traffic,22,$0.00,0.29464074593335954
AirAsia,21,$0.00,-0.10360630110630108
Airbnb,124,$0.00,0.10800453982301617
Airport + Flight Tracker Radar,22,$0.00,0.08928481240981241
Airway Ex - Intubate. Anesthetize. Train.,78,$0.00,0.22094190098096347
Akinator,38,$0.00,-0.014898889669320391
AlReader -any text book reader,39,$0.00,0.24555118492618497
Alarm Clock,36,$0.00,0.17466728294853298
Alarm Clock Free,34,$0.00,0.1557617749897162
Alfred Home Security Camera,30,$0.00,0.3375742424242425
"AliExpress - Smarter Shopping, Better Living",180,$0.00,0.038380545534712214
All Email Providers,5,$0.00,0.21499999999999994
All Events in City,25,$0.00,0.5028597402597402
All Football - Latest News & Videos,64,$0.00,0.4320632947781386
"All Football GO- Live Score, Games",36,$0.00,0.5265151515151514
All Language Translator Free,30,$0.00,0.3927835497835497
All Maths Formulas,33,$0.00,0.354636544011544
All Mental disorders,130,$0.00,0.19860246365324483
All Social Networks,68,$0.00,-0.1064102421271539
All Video Downloader 2018,34,$0.00,0.3826797385620915
"All-In-One Toolbox: Cleaner, Booster, App Manager",22,$0.00,0.26733509335782063
All-in-One Mahjong 3 FREE,1,$0.00,0.5
Allegiant,3,$0.00,0.2333333333333333
Allrecipes Dinner Spinner,19,$0.00,0.27299954431533385
Alto's Adventure,350,$0.00,0.03982694182829142
Amazon Drive,36,$0.00,0.1298491985987103
"Amazon FreeTime ‚Äì Kids‚Äô Videos, Books, & TV shows",35,$0.00,0.3425348246524717
Amazon Kindle,234,$0.00,0.06519186713433874
Amazon Prime Video,2,$0.00,0.46111111111111114
Amazon Shopping,135,$0.00,0.1820225865037372
Amazon for Tablets,40,$0.00,0.10113604797979794
American Airlines,129,$0.00,-0.07563614410998132
Amex Mobile,36,$0.00,0.17566632595799264
Amino: Communities and Chats,70,$0.00,0.04758960435151366
Amtrak,39,$0.00,-0.02828424551638838
Anatomy Learning - 3D Atlas,36,$0.00,0.2265324499959917
Ancestry,37,$0.00,0.2726303043825366
AndroZip‚Ñ¢ FREE File Manager,39,$0.00,0.11732338494838497
"Android Auto - Maps, Media, Messaging & Voice",31,$0.00,0.2877923040754263
Android Messages,86,$0.00,0.07167593754893899
Anger of stick 5 : zombie,6,$0.00,0.11944444444444442
Angry Birds 2,58,$0.00,0.0022821997606480397
Angry Birds Classic,1365,$0.00,-0.0075373947642518
Angry Birds Rio,156,$0.00,-0.038924252279907076
Animal Planet GO,21,$0.00,0.27357142857142863
Animated Photo Editor,35,$0.00,0.2918571428571428
Anime Avatar Creator: Make Your Own Avatar,28,$0.00,0.20215771508819977
Anime Manga Coloring Book,24,$0.00,0.3609907670454546
Anthem Anywhere,130,$0.00,-0.08797731435231439
Anthem BC Anywhere,62,$0.00,-0.12323348694316437
"Any.do: To-do list, Calendar, Reminders & Planner",294,$0.00,0.21603763727971081
Apartment Decorating Ideas,1,$0.00,0.245
"Apartment List: Housing, Apt, and Property Rentals",94,$0.00,0.46642287234042545
"Apartment, Home Rental Search: Realtor.com Rentals",25,$0.00,-0.0037329004329004177
Apartments & Rentals - Zillow,88,$0.00,0.2929916863439591
Apartments.com Rental Search,138,$0.00,0.07240305487588095
Apex Launcher,180,$0.00,0.10613274861712366
Apk Installer,27,$0.00,0.19391694725028052
App vault,21,$0.00,-0.04353505760732323
AppLock,13,$0.00,0.016233349983349986
AppLock - Fingerprint,19,$0.00,0.20993951418951418
Archos File Manager,31,$0.00,0.11529581529581533
Arrow.io,95,$0.00,0.08073817355889723
Asana: organize team projects,86,$0.00,0.23064546308304854
Ascape VR: 360¬∞ Virtual Travel,18,$0.00,0.15096450617283952
Asphalt 8: Airborne,73,$0.00,0.004450410725820941
Associated Credit Union Mobile,35,$0.00,0.3880928287981859
Asteroids 3D live wallpaper,31,$0.00,0.2535243974622641
Atlan3D Navigation: Korea navigator,36,$0.00,0.2781841981321148
AutoCAD - DWG Viewer & Editor,36,$0.00,0.11960119548661215
AutoScout24 Switzerland ‚Äì Find your new car,37,$0.00,0.41695141570141575
Avakin Life - 3D virtual world,69,$0.00,0.08085916643028913
Aviary Effects: Classic,37,$0.00,0.10624119358661764
Aviary Stickers: Free Pack,37,$0.00,0.06582855257855258
Azar,92,$0.00,0.06840380917580303
Azpen eReader,23,$0.00,0.24262422360248448
B612 - Beauty & Filter Camera,48,$0.00,0.08178212791982323
BBC Media Player,24,$0.00,-0.02851983375420876
BBC News,189,$0.00,0.09699904372523417
BBC Sport,98,$0.00,0.16657655269900173
BBM - Free Calls & Messages,70,$0.00,0.15442325237386617
BBVA Compass Banking,29,$0.00,0.20559022446491657
BBVA Spain,33,$0.00,0.515085705540251
BBW Dating & Curvy Singles Chat- LargeFriends,150,$0.00,0.18276632996632997
BBW Dating & Plus Size Chat,333,$0.00,0.13124668499668496
BBWCupid - BBW Dating App,39,$0.00,0.12691173304809672
BELONG Beating Cancer Together,38,$0.00,0.3505828729019519
BEST CAR SOUNDS,37,$0.00,0.30769860769860763
BET NOW - Watch Shows,324,$0.00,0.0510880756974507
BEYBLADE BURST app,36,$0.00,-0.013927395906562565
BIG Launcher,40,$9.99,0.18498650308025305
BLK - Swipe. Match. Chat.,40,$0.00,0.30767763519549235
BZWBK24 mobile,46,$0.00,0.32688255223037826
Babbel ‚Äì Learn Languages,192,$0.00,0.39163615319865325
Babbel ‚Äì Learn Spanish,39,$0.00,0.3093640734265735
Baby ABC in box! Kids alphabet games for toddlers!,37,$0.00,0.2857751257751258
Baby Monitor,35,$0.00,0.2742230725623583
Baby Name Together,37,$0.00,0.2859856284856285
Baby Panda Care,100,$0.00,0.17201893939393942
Baby Panda Learns Shapes,37,$0.00,0.24753700128700123
Baby Panda Musical Genius,37,$0.00,0.22776025213525217
Baby Panda‚Äôs Juice Shop,3,$0.00,0.10833333333333332
Baby Tiger Care - My Cute Virtual Pet Friend,9,$0.00,0.19518518518518518
Baby puzzles,34,$0.00,0.07949984276689925
Backgrounds (HD Wallpapers),30,$0.00,0.26443175805675806
Backgrounds HD (Wallpapers),60,$0.00,0.3538759018759018
BaconReader for Reddit,33,$0.00,0.22808632290091627
Bad Piggies,77,$0.00,0.007940659648845771
Badoo - Free Chat & Dating App,480,$0.00,0.12848917748917735
Banfield Pet Health Tracker,160,$0.00,0.08254051373973245
Banjo,39,$0.00,0.23085021228771233
Bank of America Mobile Banking,32,$0.00,0.1800268291975881
BankMobile Vibe App,23,$0.00,0.3534545768241421
Banorte Movil,26,$0.00,0.116998667998668
Barbie Life‚Ñ¢,19,$0.00,0.16261297182349813
Barbie Magical Fashion,31,$0.00,0.08473276471512356
Barbie‚Ñ¢ Fashion Closet,154,$0.00,0.04860028860028858
Barclays US for Android,40,$0.00,0.017928003998316493
Barcode Scanner,37,$0.00,0.3862701337701337
Baritastic - Bariatric Tracker,40,$0.00,0.4182767368626745
Baseball Boy!,40,$0.00,0.01227239719714141
Basketball FRVR - Shoot the Hoop and Slam Dunk!,35,$0.00,0.10246428571428572
Basketball Stars,89,$0.00,0.01390511268562699
Bathroom Decorating Ideas,40,$0.00,0.36267578124999994
Battlelands Royale,89,$0.00,0.04040619484832415
Be A Legend: Soccer,98,$0.00,-0.0992506003333747
BeSoccer - Soccer Live Score,36,$0.00,0.35676847843514514
BeWild Free Dating & Chat App,38,$0.00,0.17037221276530487
Beautiful Design Birthday Cake,36,$0.00,0.2703075396825396
Beautiful Widgets Free,80,$0.00,0.013460700757575767
Beautiful Widgets Pro,74,$2.49,0.17941837105155553
Beauty Camera - Selfie Camera,36,$0.00,0.19999366181657852
Beauty Makeup Snappy Collage Photo Editor - Lidow,4,$0.00,0.15321428571428566
BeautyPlus - Easy Photo Editor & Selfie Camera,20,$0.00,0.3
Bed Time Fan - White Noise Sleep Sounds,1,$0.00,0.78125
Best Car Wallpapers,3,$0.00,-0.13333333333333328
Best Fiends - Free Puzzle Game,2,$0.00,0.325
Best Ovulation Tracker Fertility Calendar App Glow,1,$0.00,0.5953125
"Best Wallpapers Backgrounds(100,000+ 4K HD)",10,$0.00,0.30042929292929293
Best Wallpapers QHD,35,$0.00,0.4722514455782313
"BestCam Selfie-selfie, beauty camera, photo editor",99,$0.00,-0.037985810485810484
BetterMe: Weight Loss Workouts,37,$0.00,0.29227532274407275
Betterment,40,$0.00,0.14325219763259928
BeyondMenu Food Delivery,76,$0.00,0.4087426900584794
BeyondPod Podcast Manager,40,$0.00,0.11245826529001753
Bible,97,$0.00,0.36349543739121704
Big Days - Events Countdown,36,$0.00,0.28541372721928276
"BigOven Recipes, Meal Planner, Grocery List & More",40,$0.00,0.32822240259740265
"BiggerCity: Chat for gay bears, chubs & chasers",40,$0.00,0.21167546399141793
Bike Computer - GPS Cycling Tracker,39,$0.00,0.28197840354090353
Binaural Beats Meditation,40,$0.00,0.35351810515873006
Binaural Beats Therapy,39,$0.00,0.2832687528520861
BioLife Plasma Services,39,$0.00,0.15480616605616604
Birds Sounds Ringtones & Wallpapers,38,$0.00,0.34155701754385975
Black People Meet Singles Date,56,$0.00,0.24934125871422955
Block Puzzle,616,$0.00,0.035221354404960215
Block Puzzle Classic Legend !,144,$0.00,0.15090698653198656
Blogaway for Android (Blogger),36,$0.00,0.19725448933782266
Blogger,38,$0.00,0.1251258069415964
Bloglovin',39,$0.00,0.13395250871813372
Blood Donor,39,$0.00,0.20522144852501997
Blood Pressure,117,$0.00,0.44494301994301977
Blood Pressure Log - MyDiary,80,$0.00,0.32505491150053645
Blood Pressure(BP) Diary,80,$0.00,0.08768325424575425
Bloomberg Professional,40,$0.00,-0.02335272366522368
Bloomberg: Market & Financial News,40,$0.00,0.05470544733044734
Blossom Blast Saga,36,$0.00,0.005714461079044413
BluTV,25,$0.00,0.28028073593073594
Blur Image Background,22,$0.00,0.37271780303030294
Blur Image Background Editor (Blur Photo Editor),39,$0.00,0.23310994560994563
Booking.com Travel Deals,360,$0.00,0.01417683531746031
Bowmasters,1872,$0.00,0.061415449347399134
Box,351,$0.00,0.41000050875050903
Boxed Wholesale,40,$0.00,0.28700849999248434
Boys Photo Editor - Six Pack & Men's Suit,38,$0.00,0.28350877192982454
Brain Waves - Binaural Beats,40,$0.00,0.22173148899711398
Branch,40,$0.00,0.264229797979798
"Breaking News, Local news, Attacks and Alerts Free",27,$0.00,0.21704599412932749
Brightest Flashlight Free ¬Æ,5,$0.00,0.4925714285714286
Brightest LED Flashlight,16,$0.00,0.3741989087301587
Brilliant,56,$0.00,0.2416548327664399
Brit + Co,32,$0.00,0.1231246617965368
British Airways,44,$0.00,0.20510616367759232
Browser 4G,34,$0.00,0.3370836118538324
Bualuang mBanking,34,$0.00,0.004322019211725087
Bubble Shooter,870,$0.00,0.2536763602776529
Bubble Shooter 2,22,$0.00,0.28484848484848485
Bubble Shooter Genies,10,$0.00,0.04798845598845597
Bubble Shooter Space,24,$0.00,0.18493055555555557
Bubble Witch 3 Saga,31,$0.00,0.06538467779287191
Build a Bridge!,86,$0.00,0.08835631019497298
Burner - Free Phone Number,6,$0.00,0.0653009259259259
Business Calendar 2,25,$0.00,0.20114111302290014
Butterfly Live Wallpaper,28,$0.00,0.3902759740259741
Buzz Launcher-Smart&Free Theme,36,$0.00,0.20134484370347466
"BuzzFeed: News, Tasty, Quizzes",142,$0.00,0.1992963335568969
C Programming,70,$0.00,0.2768000669964955
C++ Programming,36,$0.00,0.1964510494328203
C++ Tutorials,36,$0.00,0.5309259259259259
CALCU‚Ñ¢ Stylish Calculator Free,38,$0.00,0.3525981620718463
CATS: Crash Arena Turbo Stars,57,$0.00,0.02895315469185807
CBS News,1,$0.00,0.0
"CBS Sports App - Scores, News, Stats & Watch Live",1536,$0.00,0.16390708611411642
CBS Sports Fantasy,108,$0.00,0.24850236370438392
CDL Practice Test 2018 Edition,24,$0.00,0.24112599206349206
CIA - Caller ID & Call Blocker,14,$0.00,0.21781462585034014
"CM Browser - Ad Blocker , Fast Download , Privacy",4,$0.00,0.012500000000000011
"CM Flashlight (Compass, SOS)",8,$0.00,0.55625
"CM Launcher 3D - Theme, Wallpapers, Efficient",36,$0.00,0.28247895622895625
CM Locker - Security Lockscreen,172,$0.00,0.2400545230424799
CMB Free Dating App,142,$0.00,0.2917571204040017
CNBC: Breaking Business News & Live Market Data,74,$0.00,0.24770376373317543
CNN Breaking US & World News,336,$0.00,0.05734788896619255
COOKING MAMA Let's Cook!,72,$0.00,0.21892208651137224
CVS Caremark,39,$0.00,0.19190802253302255
CW Seed,72,$0.00,0.3055693342151675
CWT To Go,38,$0.00,0.2867512531328321
Cache Cleaner-DU Speed Booster (booster & cleaner),52,$0.00,0.2785210969585969
"Calculator - free calculator, multi calculator app",4,$0.00,-0.03749999999999999
Calculator - unit converter,1,$0.00,0.18333333333333326
Calculator Plus Free,2,$0.00,0.16666666666666669
Calculator with Percent (Free),2,$0.00,0.031972789115646265
Calendar Widget Month + Agenda,2,$0.00,0.15000000000000002
Calendar+ Schedule Planner App,1,$0.00,0.3190705128205128
Call Blocker,6,$0.00,0.027972582972582965
Call Control - Call Blocker,3,$0.00,-0.041666666666666664
Call of Duty:Black Ops Zombies,3,$6.99,-0.1621195023148148
"CallApp: Caller ID, Blocker & Phone Call Recorder",2,$0.00,0.3907407407407408
Caller ID +,1,$0.00,0.35
Calls & Text by Mo+,12,$0.00,0.46666666666666673
Calls Blacklist - Call Blocker,3,$0.00,0.1241623376623377
"Calm - Meditate, Sleep, Relax",130,$0.00,0.2895242009211791
Calorie Counter & Diet Tracker,270,$0.00,0.2291776923748649
Calorie Counter - EasyFit free,37,$0.00,0.34802871788058476
Calorie Counter - Macros,400,$0.00,0.24751868247122885
Calorie Counter - MyFitnessPal,1275,$0.00,0.21567351536839968
Calorie Counter - MyNetDiary,278,$0.00,0.37584199559148157
Cameringo Lite. Filters Camera,9,$0.00,0.7702690972222221
Candy Bomb,144,$0.00,0.3274031986531986
"Candy Camera - selfie, beauty camera, photo editor",342,$0.00,0.1952779201792357
Candy Crush Jelly Saga,146,$0.00,-0.09233435751843286
Candy Crush Saga,1680,$0.00,0.031067865410053012
Candy Crush Soda Saga,498,$0.00,-0.05707936571644749
Candy Day,38,$0.00,0.19246436403508768
Candy Pop Story,40,$0.00,0.04241514756944446
Candy Smash,40,$0.00,0.15726736111111111
"Candy selfie - photo editor, live filter camera",33,$0.00,0.37279761904761904
"Canva: Poster, banner, card maker & graphic design",38,$0.00,0.2048395689349637
Canvas Student,4,$0.00,0.125
Cat Sim Online: Play with Cats,61,$0.00,0.18089609339033008
Caviar - Food Delivery,39,$0.00,0.21737478089040585
Chakra Cleansing,40,$0.00,0.42473518668831184
Championat,40,$0.00,0.19844806447410615
Chapters: Interactive Stories,38,$0.00,0.14904506568386025
Chase Mobile,40,$0.00,0.04816599670171098
"Chat Rooms, Avatars, Date - Galaxy",148,$0.00,0.13805248558538036
ChatVideo Meet new people,37,$0.00,0.23191982566982564
Cheap Flights & Hotels momondo,39,$0.00,0.18377557627557622
Cheap hotel deals and discounts ‚Äî Hotellook,39,$0.00,0.2564173789173789
"CheapTickets ‚Äì Hotels, Flights & Travel Deals",37,$0.00,0.2941989422458173
Cheapflights ‚Äì Flight Search,78,$0.00,0.42191239316239304
CheckPoints üèÜ Rewards App,40,$0.00,0.27638016323953823
Checkers ‚úîÔ∏è,36,$0.00,0.06483468113676447
Checkout 51: Grocery coupons,78,$0.00,0.1304861457986458
Choice Hotels,10,$0.00,0.2987896825396825
Choices: Stories You Play,78,$0.00,0.03367840233861162
Christian Dating For Free App,152,$0.00,0.09802603289938562
Chrome Beta,76,$0.00,0.23162517246398825
Chrome Dev,78,$0.00,0.3337933605195511
Cinemark Theatres,40,$0.00,0.07015540674603174
Cisco Webex Meetings,39,$0.00,0.10357702482702483
Cisco Webex Teams,40,$0.00,0.1294181246993747
Citi Mobile¬Æ,40,$0.00,-0.03873065476190477
Citibanamex Movil,39,$0.00,0.15006144781144778
Citizens Bank Mobile Banking,39,$0.00,0.013179054741554742
CityMaps2Go Plan Trips Travel Guide Offline Maps,40,$0.00,0.31709577922077925
Clash Royale,660,$0.00,0.06915710869708812
Clash of Clans,132,$0.00,0.03675568156290559
Color Flashlight,11,$0.00,0.17583333333333337
Color Road,37,$0.00,-0.05935675703532846
Color Touch Effects,38,$0.00,0.11572042084377614
Color by Number - Draw Sandbox Pixel Art,92,$0.00,0.13955635548026848
Color by Number ‚Äì New Coloring Book,74,$0.00,0.16885633604383607
ColorNote Notepad Notes,262,$0.00,0.27565456465959975
ColorSnap¬Æ Visualizer,39,$0.00,0.024391025641025646
Colorfit - Drawing & Coloring,38,$0.00,0.17183595268250842
Colorful Glitter Neon Butterfly Keyboard Theme,32,$0.00,0.20640625
Colorfy: Coloring Book for Adults - Free,266,$0.00,0.04678487879117242
Coloring & Learn,38,$0.00,0.41382226874003186
Coloring book moana,88,$0.00,0.15265151515151518
Comedy Central,160,$0.00,0.17142376628681782
Common Core,8,$0.00,-0.008810779993815715
Comptia A+ 220-901 & 220-902,29,$0.00,0.5007922824302133
ConnectLine,38,$0.00,0.13801162883082527
Contacts,38,$0.00,0.012248710230089454
Contacts+,38,$0.00,0.4108145831994516
Content Transfer,40,$0.00,0.1630472817836099
ConvertPad - Unit Converter,40,$0.00,0.22344972943722938
Cookbook Recipes,37,$0.00,0.5654370380932882
Cooking Channel,39,$0.00,0.3640189440189441
Cooking Fever,270,$0.00,-0.04233144260559364
Cooking Madness - A Chef's Restaurant Games,37,$0.00,0.01355064498200659
Cookpad,36,$0.00,0.25743676847843516
Cool Popular Ringtones 2018 üî•,36,$0.00,0.20348488136574072
Cool Reader,38,$0.00,0.11584079160970608
Couch to 10K Running Trainer,40,$0.00,0.33737879109977326
Couch to 5K by RunDouble,39,$0.00,0.27732642225499365
Couchsurfing Travel App,39,$0.00,0.24728937266437265
Cougar Dating Life : Date Older Women Sugar Mummy,156,$0.00,0.32457028157028167
Couple - Relationship App,46,$0.00,0.30442296156254955
Credit Karma,105,$0.00,0.27005168006596586
Credit Sesame,38,$0.00,0.0886673857940305
CreditWise from Capital One,38,$0.00,0.23945429387863595
Crew - Free Messaging and Scheduling,160,$0.00,0.4173319523358587
Cricbuzz - Live Cricket Scores & News,76,$0.00,0.09701201393635606
Cricket Visual Voicemail,40,$0.00,0.062002591819556106
Crossy Road,182,$0.00,0.21585128145848678
Crunchyroll - Everything Anime,360,$0.00,0.17751003336940838
Current debit card and app made for teens,40,$0.00,0.3272583733540765
Curriculum vitae App CV Builder Free Resume Maker,76,$0.00,0.39370348219032436
Cut the Rope FULL FREE,84,$0.00,0.013067753887269187
Cycling - Bike Tracker,25,$0.00,0.3521468253968254
"Cymera Camera- Photo Editor, Filter,Collage,Layout",312,$0.00,0.4194177350427354
Czech Public Transport IDOS,28,$0.00,0.25107490723562154
DC Comics,72,$0.00,0.478809473705307
DC Super Hero Girls‚Ñ¢,408,$0.00,0.3340090240641713
DEAD TARGET: FPS Zombie Apocalypse Survival Games,250,$0.00,0.06681826118326113
DEER HUNTER 2018,6,$0.00,-0.3833333333333333
DINO HUNTER: DEADLY SHORES,184,$0.00,0.02231256768848391
DIY Garden Ideas,34,$0.00,0.44404411764705887
DIY On A Budget,33,$0.00,0.4480626407472999
DMV Permit Practice Test 2018 Edition,34,$0.00,0.29566032132549985
DRAGON BALL LEGENDS,668,$0.00,0.09954933977683113
DSLR Camera Hd Ultra Professional,38,$0.00,0.07695175438596491
DStv Now,39,$0.00,0.023143659003033997
DU Browser‚ÄîBrowse fast & fun,80,$0.00,0.17726609823708037
"DU Recorder ‚Äì Screen Recorder, Video Editor, Live",58,$0.00,0.22418691689058068
Daily Workouts - Exercise Fitness Routine Trainer,1,$0.00,0.8
Daily Yoga - Yoga Fitness Plans,36,$0.00,0.2570176467051467
"Dailyhunt (Newshunt) - Latest News, Viral Videos",4,$0.00,-0.06614583333333335
Dairy Queen,6,$0.00,0.18940972222222222
Daniel Tiger for Parents,3,$0.00,0.2796296296296297
DashClock Widget,1,$0.00,0.033333333333333326
Dashlane Free Password Manager,2,$0.00,0.17075396825396827
"Dating App, Flirt & Chat : W-Match",12,$0.00,0.3016666666666667
Dating for 50 plus Mature Singles ‚Äì FINALLY,14,$0.00,0.3325396825396825
Davis's Drug Guide,3,$0.00,-0.10000000000000002
Davis's Drug Guide for Nurses,3,$0.00,0.3148148148148148
Debonairs Pizza,6,$0.00,0.046527777777777814
Delta Dental,40,$0.00,-0.08418477182539683
Device Help,37,$0.00,0.09639573827073827
Diabetes & Diet Tracker,148,$9.99,0.3636273107523108
Diabetes:M,78,$0.00,0.31796790353521115
Diamond Zipper Lock Screen,34,$0.00,0.15973039215686274
Diary with lock,198,$0.00,0.28376334051328034
Diary with lock password,52,$0.00,0.2922668422777689
Dictionary - Merriam-Webster,16,$0.00,0.23873106060606056
Digg,33,$0.00,0.04270031483667848
DigiCal Calendar Agenda,23,$0.00,0.1682127041637911
Digit Save Money Automatically,112,$0.00,0.2502463087507732
Digital Alarm Clock,71,$0.00,0.34107329093987326
Dino War: Rise of Beasts,27,$0.00,0.05913700974216848
Dinosaur Simulator: Dino World,13,$0.00,-0.013141025641025646
Discover Mobile,1,$0.00,-0.041666666666666664
Disney Heroes: Battle Mode,2,$0.00,-0.004999999999999994
Disney Magic Kingdoms: Build Your Own Magical Park,94,$0.00,0.0870296552695869
DisneyNOW ‚Äì TV Shows & Games,189,$0.00,0.20399195939799683
Do It Later: Tasks & To-Dos,68,$0.00,0.1682022607022607
Docs To Go‚Ñ¢ Free Office Suite,144,$0.00,0.20629078483245145
Doctor On Demand,36,$0.00,0.3884299217372134
Doctor Pets,32,$0.00,0.16880208333333332
Dog Licks Screen Wallpaper,34,$0.00,0.22525030371997284
Dog Run - Pet Dog Simulator,219,$0.00,0.1370985540334856
Dog Sim Online: Raise a Family,4,$0.00,0.17529423701298702
Domino's Pizza USA,106,$0.00,0.2090786415933821
Dominos Game ‚úîÔ∏è,39,$0.00,0.023215534465534465
Doodle Jump,90,$0.00,0.11363000290604458
Door Lock Screen,39,$0.00,0.5166216422466423
DoorDash - Food Delivery,40,$0.00,0.07240710302429053
Dosecast - Medication Reminder,38,$0.00,0.2991495606915015
Down Dog: Great Yoga Anywhere,40,$0.00,0.2918472637721827
Dr. Panda & Toto's Treehouse,216,$3.99,0.18023668292548503
Dr. Panda Restaurant 3,34,$0.00,-0.09746777119938886
Dr. Panda Town: Vacation,35,$0.00,0.09280715004396642
DraftKings - Daily Fantasy Sports,36,$0.00,0.31233355379188715
Dragon Hills,15,$0.00,0.04034051827801826
Draw A Stickman,1,$0.00,-0.15000000000000002
Draw In,1,$0.00,-0.13416666666666668
Drawing for Kids Learning Games for Toddlers age 3,1,$0.00,0.38666666666666666
Dream League Soccer 2018,9,$0.00,-0.0005180776014109637
DreamTrips,34,$0.00,0.37127677775655726
DreamWorks Friends,132,$0.00,-0.0017880828486889042
Dresses Ideas & Fashions +3000,29,$0.00,0.43060344827586206
Droid Zap by Motorola,40,$0.00,-0.04053738275613275
DroidAdmin for Android - Advice,39,$0.00,0.1261752136752137
Dropbox,228,$0.00,0.2363305250579099
Drugs.com Medication Guide,39,$0.00,0.24735357887601475
Dude Perfect 2,168,$0.00,0.11690235597438073
Dumb Ways to Die 2: The Games,37,$0.00,0.027208249239499244
Dungeon Hunter Champions: Epic Online Action RPG,80,$0.00,-0.03425580784955783
Dunkin' Donuts,76,$0.00,0.19655992978082373
Duolingo: Learn Languages Free,1680,$0.00,0.2004077380952372
DuraSpeed,37,$0.00,-0.03404401154401154
E*TRADE Mobile,64,$0.00,0.15327341401364836
Easy Hair Style Design,30,$0.00,0.49020370370370353
Easy Healthy Recipes,29,$0.00,0.44576247387669793
Easy Installer - Apps On SD,39,$0.00,-0.00911033411033411
Easy Makeup Tutorials,36,$0.00,0.2819713754609588
Easy Origami Ideas,34,$0.00,0.09945261437908495
Easy Recipes,40,$0.00,0.27053819444444444
Easy Voice Recorder,39,$0.00,0.4358370518370519
EasyBib: Citation Generator,38,$0.00,0.07183166248955723
Eat Fit - Diet and Health Free,90,$0.00,0.24504414682539688
Eat24 Food Delivery & Takeout,40,$0.00,0.17161052142302144
EatStreet Food Delivery App,37,$0.00,0.3832653026403027
"Ebates: Cash Back, Coupons, Rewards & Savings",38,$0.00,0.22538709463051565
Ebook Reader,78,$0.00,0.34253248776686274
Ecobank Mobile Banking,39,$0.00,-0.014860031943365274
Edmodo,70,$0.00,0.40415553494124923
Educational Games 4 Kids,38,$0.00,0.19435952570820994
Educational Games for Kids,36,$0.00,0.3065564373897707
English with Lingualeo,8,$0.00,0.13516865079365079
English-Myanmar Dictionary,38,$0.00,0.39351342371079207
Entel,39,$0.00,0.01857711732711733
Episode - Choose Your Story,320,$0.00,0.08027377437170966
Epocrates Plus,40,$0.00,0.2995946969696969
Equestria Girls,222,$0.00,0.04380837742165868
Essential Anatomy 3,160,$11.99,0.2255163032858345
Essential Resources,40,$0.00,0.28141962312860747
Etsy: Handmade & Vintage Goods,156,$0.00,0.30548314339981014
Etta Homes,39,$0.00,0.34462250712250714
Eurosport,38,$0.00,0.049044557416267946
"Eve Period Tracker - Love, Sex & Relationships App",26,$0.00,0.5050367080835831
"Even - organize your money, get paid early",14,$0.00,0.2839285714285714
"Evernote ‚Äì Organizer, Planner for Notes & Memos",312,$0.00,0.08409023930833821
Evie Launcher,32,$0.00,0.2779282321290785
ExDialer - Dialer & Contacts,29,$0.00,0.2713527987019366
"Expedia Hotels, Flights & Car Rental Travel Deals",512,$0.00,0.09299215649801587
Expense IQ Money Manager,31,$0.00,0.22750618948703624
Experian - Free Credit Report,23,$0.00,0.17050437083045775
Extreme Car Driving Simulator,2,$0.00,-0.07361111111111113
Extreme Coupon Finder,42,$0.00,0.07121421485260772
Extreme Match,84,$0.00,0.19446454876142383
Extreme Racing 2 - Real driving RC cars game!,36,$0.00,0.02366732804232805
EyeCloud,39,$0.00,0.11717855447022113
EyeEm - Camera & Photo Filter,37,$0.00,0.3380653936903936
EzCalculator,38,$0.00,0.37776996943115365
FBReader: Favorite Book Reader,39,$0.00,0.27770481121442664
FERZU - Furries Social Network,39,$0.00,0.08186532214817473
"FIFA - Tournaments, Soccer News & Live Scores",156,$0.00,0.06825822325822328
FINAL FANTASY BRAVE EXVIUS,38,$0.00,0.0708154855070101
FOSSIL Q: DESIGN YOUR DIAL,33,$0.00,0.2397669880624426
FOX,156,$0.00,0.21398402523402532
FOX NOW - On Demand & Live TV,330,$0.00,0.04809023630759114
"FOX Sports: Live Streaming, Scores & News",66,$0.00,0.3132563003775125
FREEDOME VPN Unlimited anonymous Wifi Security,11,$0.00,0.3136363636363636
"FUN Keyboard ‚Äì Emoji Keyboard, Sticker,Theme & GIF",12,$0.00,0.25675
"Fabulous: Motivate Me! Meditate, Relax, Sleep",80,$0.00,0.19199594209527246
"Face Filter, Selfie Editor - Sweet Camera",34,$0.00,0.19428104575163396
Facebook,264,$0.00,-0.007002902024896392
Facebook Ads Manager,70,$0.00,0.2034005359719645
Facebook Lite,58,$0.00,-0.0009910877556351786
Facebook Local,35,$0.00,0.1336416983933725
Facebook Pages Manager,68,$0.00,-0.06108272854596383
Fake Call - Fake Caller ID,67,$0.00,0.2977941730740238
Fallout Shelter,64,$0.00,0.17023214882331378
Family Album Mitene: Private Photo & Video Sharing,39,$0.00,0.4325875840980009
Family Dollar,35,$0.00,0.24816588074623794
Family GPS Tracker and Chat + Baby Monitor Online,37,$0.00,0.4174351136851138
Family GPS tracker KidControl + GPS by SMS Locator,32,$0.00,0.21120309658151454
Family Locator - GPS Tracker,115,$0.00,0.3585753523851348
FamilySearch Tree,30,$0.00,0.20932583022687193
FanDuel: Daily Fantasy Sports,11,$0.00,0.2870834973107701
Fancy Widgets,16,$0.00,0.2142135145323051
Fandango Movies - Times + Tickets,132,$0.00,0.1426018885515639
Fantasy Football,138,$0.00,0.0625806329338938
Fantasy Football & NFL News,34,$0.00,0.42124115807939344
Fantasy Football Manager (FPL),34,$0.00,0.2998709786945081
Farm Fruit Pop: Party Time,31,$0.00,0.1650277217741935
Farm Heroes Saga,550,$0.00,-0.011810531860815964
Farming Simulator 14,34,$0.00,0.058127922254760496
Farming Simulator 18,39,$4.99,0.06446713240463238
Fashion in Vogue,339,$0.00,0.05532565701260391
Fast News,39,$0.00,0.34630341880341875
Fast Scanner : Free PDF Scan,148,$0.00,0.31306316056316064
Fast Secure VPN,71,$0.00,0.17910011330609915
"FastMeet: Chat, Dating, Love",150,$0.00,0.34417340067340085
Fat Burning Workout - Home Weight lose,36,$0.00,0.17526900953984287
Fate/Grand Order (English),20,$0.00,0.060880930701243174
FidMe Loyalty Cards & Deals at Grocery Supermarket,11,$0.00,0.2202676111767021
File Browser by Astro (File Manager),12,$0.00,0.11199179292929294
File Explorer,23,$0.00,0.25958281573498965
File Manager,11,$0.00,0.06183281680440773
File Manager -- Take Command of Your Files Easily,22,$0.00,0.21464646464646464
Files Go by Google: Free up space on your phone,34,$0.00,0.13068233101321336
FilterGrid - Cam&Photo Editor,70,$0.00,0.09263994537208826
Filters for B Live,30,$0.00,0.1680176767676768
Filters for Selfie,63,$0.00,0.09912037037037039
Final Fantasy XV: A New Empire,64,$0.00,-0.02352727918046367
Financial Times,30,$0.00,0.18463979076479076
Find Dining Restaurant Finder,7,$0.00,0.3394679300291545
Find a Way: Addictive Puzzle,30,$0.00,0.06963023338544173
Find&Save - Local Shopping,31,$0.00,0.09095987726263012
FindShip,34,$0.00,0.1004489750445633
Firefox Browser fast & private,186,$0.00,0.11014201898945644
Firefox Focus: The privacy browser,192,$0.00,0.2092485894097222
Fishdom,369,$0.00,0.059514849303834244
Fitbit,6,$0.00,0.24555465367965368
Flashlight,70,$0.00,0.40540008503401354
Flashlight & LED Torch,25,$0.00,0.24973333333333336
Flashlight - Torch LED Light,30,$0.00,0.40452513227513226
Flashlight HD LED,29,$0.00,0.4522039981091705
Flickr,128,$0.00,0.1774324908309283
Flight & Hotel Booking App - ixigo,33,$0.00,0.341024531024531
Flightradar24 Flight Tracker,32,$0.00,0.19662472943722942
Flights,26,$0.00,0.140565164002664
Flip the Gun - Simulator Game,26,$0.00,-0.008393065268065273
FlipaClip - Cartoon animation,4,$0.00,0.41264880952380956
Flipboard: News For Our Time,39,$0.00,0.38586500305250304
Flipkart Online Shopping App,56,$0.00,0.2915263605442177
Flipp - Weekly Shopping,62,$0.00,0.32367207792207775
Flippy Campus - Buy & sell on campus at a discount,34,$0.00,0.39528393175452
FlirtChat - ‚ô•Free Dating/Flirting App‚ô•,140,$0.00,0.42099257884972185
Floor Plan Creator,37,$0.00,0.2646154758654759
Flow Free,770,$0.00,0.07076862709337585
Flowers Live Wallpaper,33,$0.00,0.20517906336088154
Fly Delta,142,$0.00,0.14325237137108374
FollowMyHealth¬Æ,38,$0.00,0.1894276710984749
Font Studio- Photo Texts Image,34,$0.00,0.08145920868347341
Food Calorie Calculator,82,$0.00,0.09797280294231513
Food Network,213,$0.00,0.0283548576814422
Fooducate Healthy Weight Loss & Calorie Counter,37,$0.00,0.35421692335820476
Football Live Scores,34,$0.00,0.4050258891435362
ForecaWeather,38,$0.00,0.36090676501860713
Fortune City - A Finance App,48,$0.00,0.26696618341149597
Four In A Line,61,$0.00,0.2748487572309294
Four In A Line Free,27,$0.00,0.20236801881246327
Foursquare City Guide,28,$0.00,0.20027867965367965
Foursquare Swarm: Check In,29,$0.00,-0.06233983927949447
Fox Business,34,$0.00,0.08882674106938815
"Fox News ‚Äì Breaking News, Live Video & News Alerts",315,$0.00,0.02184271596609257
Fraction Calculator Plus Free,31,$0.00,0.37264092538286087
Free & Premium VPN - FinchVPN,31,$0.00,0.21766885088848015
Free Dating & Flirt Chat - Choice of Love,70,$0.00,0.03296536796536797
Free Dating App & Flirt Chat - Cheers,32,$0.00,0.30192629419191924
Free Dating App & Flirt Chat - Match with Singles,33,$0.00,0.33969696969696955
Free Dating App - Meet Local Singles - Flirt Chat,134,$0.00,-0.05032583295642996
"Free Dating App - YoCutie - Flirt, Chat & Meet",118,$0.00,0.11783620099298067
Free Dating Hook Up Messenger,128,$0.00,0.14728845283112993
Free Foreclosure Real Estate Search by USHUD.com,37,$0.00,-0.03836728574277404
Free Hypnosis,15,$0.00,0.27579490295815295
Free Live Talk-Video Call,1,$0.00,-0.1
Free Panda Radio Music,6,$0.00,0.25
Free Sports TV,27,$0.00,0.16731858265191601
"Free TV Shows App:News, TV Series, Episode, Movies",37,$0.00,0.2715553215553216
Free VIN Report for Used Cars,35,$0.00,0.3085747474747475
Free live weather on screen,38,$0.00,0.3942586105415052
"Free phone calls, free texting SMS on free number",72,$0.00,0.22960420173961837
FreePrints ‚Äì Free Photos Delivered,36,$0.00,0.4461811075370103
Freeletics: Personal Trainer & Fitness Workouts,32,$0.00,0.27425068204365083
Freeme Launcher‚ÄîStylish Theme,35,$0.00,0.31849999999999995
Fresh EBT - Food Stamp Balance,34,$0.00,0.15972740535608185
FreshBooks Classic,154,$0.00,0.10052989270057915
Frontback - Social Photos,36,$0.00,0.20709648569023564
Frozen Free Fall,180,$0.00,0.06010569985569986
Fruit Block - Puzzle Legend,1,$0.00,-0.18333333333333326
Fruit Ninja¬Æ,31,$0.00,0.15479454685099842
Fruits Bomb,158,$0.00,0.20532335280753006
Fuelio: Gas log & costs,88,$0.00,0.44086486824412957
Full Screen Caller ID,31,$0.00,0.34557612414467254
Fun Kid Racing,33,$0.00,0.2697382920110192
Fun Kid Racing - Motocross,60,$0.00,0.19079545454545455
Funny Alarm Clock Ringtones,27,$0.00,0.10838064006466784
Funny Pics,15,$0.00,0.15368272005772007
Fuzzy Seasons: Animal Forest,14,$0.00,0.16893322575242217
G Cloud Backup,58,$0.00,0.2841919813902572
"GCash - Buy Load, Pay Bills, Send Money",33,$0.00,0.027082440851972103
GMAT Math Flashcards,36,$0.00,0.41273599712401793
GMAT Question Bank,34,$0.00,0.2688999236058059
GMX Mail,30,$0.00,0.34004707792207783
"GO Keyboard - Cute Emojis, Themes and GIFs",29,$0.00,0.22390086206896556
"GO Keyboard - Emoticon keyboard, Free Theme, GIF",66,$0.00,0.3074404215313307
GO Notifier,34,$0.00,0.06751958927510397
"GO SMS Pro - Messenger, Free Themes, Emoji",26,$0.00,0.2024882756132756
"GO Weather - Widget, Theme, Wallpaper, Efficient",22,$0.00,0.33340002731249185
GPS Map Free,1,$0.00,0.7
GPS Speedometer and Odometer,4,$0.00,0.6875
"GPS Speedometer, Distance Meter",32,$0.00,0.36889508928571424
GPS Status & Toolbox,35,$0.00,0.3980736961451247
GPS Traffic Speedcam Route Planner by ViaMichelin,36,$0.00,0.2724778825671683
GRE Flashcards,36,$0.00,0.2620552874979959
GRE Prep & Practice by Magoosh,36,$0.00,0.38801571268237933
GRE Tutor,39,$0.00,0.40869463869463873
GS SHOP,38,$0.00,0.23918128654970755
GUNSHIP BATTLE: Helicopter 3D,34,$0.00,0.02222591795753971
Galactic Core Free Wallpaper,36,$0.00,0.24756756810576253
Galaxy Attack: Alien Shooter,402,$0.00,0.07728975087930323
Game of Thrones: Conquest‚Ñ¢,9,$0.00,0.1988888888888889
"Gametime - Tickets to Sports, Concerts, Theater",37,$0.00,0.3797400972400972
Garden Coloring Book,90,$0.00,0.2684828944203944
Garden Fruit Legend,39,$0.00,0.24278846153846148
Garden Photo Frames - Garden Photo Editor,40,$0.00,0.3335833333333333
Gardenscapes,266,$0.00,0.019585137969696343
Garena Free Fire,888,$0.00,0.07115786955690823
Garmin Connect‚Ñ¢,40,$0.00,0.15480992965367965
GasBuddy: Find Cheap Gas,40,$0.00,0.2726742875180375
Gay Sugar Daddy Dating & Hookup ‚Äì Sudy Gay,156,$0.00,0.20086835232668562
Gboard - the Google Keyboard,228,$0.00,0.06458651561036428
Gems or jewels ?,39,$0.00,0.14020820036445036
Genius Scan - PDF Scanner,26,$0.00,0.24316067612942616
Gmail,192,$0.00,0.07138310185185186
GoBank,39,$0.00,0.03910082839680539
GoPro (formerly Capture),39,$0.00,-0.007790556830735405
Goal Live Scores,40,$0.00,0.17692905844155843
Goibibo - Flight Hotel Bus Car IRCTC Booking App,38,$0.00,0.4127303739145844
Goku Wallpaper Art,35,$0.00,0.4643197278911565
Gold Butterfly Keyboard Theme,39,$0.00,0.4308228519166018
Golden Dictionary (EN-AR),37,$0.00,0.34045045045045036
Golden Launcher,38,$0.00,0.5070793460925039
Goldstar: Live Event Tickets,40,$0.00,0.5492664141414142
Golf Channel,40,$0.00,-0.025728535353535358
Golf GPS Rangefinder: Golf Pad,39,$0.00,0.2726327684661018
Golf GPS by SwingxSwing,40,$0.00,0.20467855061605061
GolfLogix GPS + Putt Breaks,39,$0.00,-0.07843205020288356
"GolfNow: Tee Time Deals at Golf Courses, Golf GPS",38,$0.00,0.16830028978620676
Golfshot Plus: Golf GPS,40,$29.99,0.3861793695887446
Golfshot: Golf GPS + Tee Times,160,$0.00,0.3442488636363636
GoodRx Drug Prices and Coupons,37,$0.00,0.2524710424710424
Google,76,$0.00,0.2603594687476266
Google Ads,216,$0.00,0.1399653371320037
Google Duo - High Quality Video Calls,36,$0.00,0.2856898148148148
Google Earth,76,$0.00,0.09490205492085191
Google Fit - Fitness Tracking,40,$0.00,0.1300530303030303
Google Handwriting Input,38,$0.00,0.2541081871345029
Google Keep,480,$0.00,0.100016870034727
Google My Business,351,$0.00,0.26843628593628566
Google News,468,$0.00,0.09391674022626409
Google PDF Viewer,240,$0.00,0.10041042117604622
Google Pay,468,$0.00,0.11568748609957387
Google Photos,764,$0.00,0.14750958573897802
Google Primer,2,$0.00,0.75
Google Slides,1,$0.00,0.9333333333333332
Google Street View,8,$0.00,-0.5
Google Translate,4,$0.00,0.21416666666666662
Google Trips - Travel Planner,1,$0.00,0.3
Google Voice,24,$0.00,0.1524792850378788
Google+,4,$0.00,0.3680555555555556
Granny,145,$0.00,0.06462316388125873
Graphing Calculator,79,$0.00,0.2458298171589311
Grim Soul: Dark Fantasy Survival,36,$0.00,0.052306128678220126
Groovebook Photo Books & Gifts,39,$0.00,0.16392160684527632
GroupMe,39,$0.00,0.11844004086191588
"Groupon - Shop Deals, Discounts & Coupons",480,$0.00,0.28594073547979787
Grubhub: Food Delivery,152,$0.00,0.12273932938406622
Guns of Glory,40,$0.00,-0.14206042568542576
Gyft - Mobile Gift Card Wallet,360,$0.00,-0.03364355250839042
H Pack,40,$0.00,0.10824242424242422
H TV,78,$0.00,0.3021153846153846
H&M,74,$0.00,0.024472956452123138
HBO GO: Stream with TV Package,50,$0.00,-0.05565271172019291
HD Camera,1,$0.00,0.0
HD Camera - Best Cam with filters & panorama,12,$0.00,0.22337962962962962
HD Camera - Quick Snap Photo & Video,17,$0.00,0.4556862745098039
HD Camera Pro for Android,17,$0.00,0.07683823529411767
HD Camera Ultra,18,$0.00,0.15469866870710122
HD Camera for Android,104,$0.00,0.37619140624999997
HD Movie Video Player,31,$0.00,0.1860153308635282
HD Video Player,38,$0.00,0.19799342105263157
HD Widgets,62,$0.99,0.18181783519859557
HDFC Bank MobileBanking,35,$0.00,0.11144867037724179
HESI A2 Pocket Prep,30,$0.00,0.3791468253968254
HISTORY: Watch TV Show Full Episodes & Specials,183,$0.00,0.21127877314385973
HTC Calendar,3,$0.00,-0.03762626262626264
HTC File Manager,21,$0.00,0.08894901394901396
HTC Gallery,28,$0.00,0.03154399543908472
HTC Help,40,$0.00,0.10687021254208758
HTC Lock Screen,39,$0.00,0.03148818773818774
HTC Mail,40,$0.00,0.07874792828699079
HTC Sense Input,40,$0.00,0.02466815476190476
HTC Sense Input-AR,40,$0.00,0.2875963541666667
HTC Service Ôºç DLNA,37,$0.00,0.018377776127776125
HTC Service‚ÄîVideo Player,40,$0.00,0.03149886899667176
HTC Social Plugin - Facebook,39,$0.00,-0.05170496455042355
HTC Speak,39,$0.00,0.004105720668220667
HTC Weather,38,$0.00,0.06762483062014059
Hacker's Keyboard,40,$0.00,0.26137154546438207
Hairstyles step by step,81,$0.00,0.47091306584362136
Hamilton ‚Äî The Official App,36,$0.00,0.1610472318136008
Hangouts,456,$0.00,0.25150332863408553
Happify,4,$0.00,0.21889678030303028
Happy Birthday Songs Offline,17,$0.00,0.36470588235294116
Happy Fruits Bomb - Cube Blast,25,$0.00,0.023922799422799415
Happy Street,22,$0.00,0.05358881786616161
Harkins Theatres,22,$0.00,0.08864442831572626
Harry Potter: Hogwarts Mystery,108,$0.00,0.05756053950883682
HauteLook,33,$0.00,0.1720851370851371
Hay Day,61,$0.00,0.019572348739842267
Haystack TV: Local & World News - Free,30,$0.00,0.5295000000000001
Headspace: Meditation & Mindfulness,22,$0.00,0.22700757575757577
Health and Nutrition Guide,224,$0.00,0.3915107709750566
HealtheLife,40,$0.00,0.06321230158730158
Healthy Recipes Free,39,$0.00,0.4033939116439117
Helix Jump,1638,$0.00,0.09966548025873491
Hello Kitty Lunchbox,34,$0.00,-0.05271838659706306
Hello Kitty Nail Salon,130,$0.00,0.05744808894808895
Hello Stars,67,$0.00,0.16833037194977488
"HelloTalk ‚Äî Chat, Speak & Learn Foreign Languages",6,$0.00,0.20232638888888888
Hero Hunters,30,$0.00,-0.0216671890031265
"Herpes Dating: 1,000K+ Singles",32,$0.00,0.1741083044249897
Herpes Positive Singles Dating,28,$0.00,0.3066502396413111
"Hide App, Private Dating, Safe Chat - PrivacyHider",106,$0.00,-0.06963979416809607
"Hide Something - Photo, Video",30,$0.00,0.24071023478835982
Hideman VPN,31,$0.00,0.12164696116309019
High Blood Pressure Symptoms,74,$0.00,0.41953359609609603
High-Powered Flashlight,34,$0.00,0.3389572975023343
"High-Speed Camera (GIF,Burst)",27,$0.00,0.3484567901234567
Hill Climb Racing,176,$0.00,0.09099915000988391
Hill Climb Racing 2,128,$0.00,0.16214076741018374
"Hily: Dating, Chat, Match, Meet & Hook up",306,$0.00,0.03377859477124181
Hinge: Dating & Relationships,138,$0.00,0.15679880237851251
HipChat - Chat Built for Teams,132,$0.00,-0.03782787678891573
Hipmunk Hotels & Flights,35,$0.00,0.5463015873015874
Hitwe - meet people and chat,9,$0.00,-0.13945601851851852
"Hole19: Golf GPS App, Rangefinder & Scorecard",38,$0.00,0.4436382623224728
Home Decor Showpiece Art making: Medium Difficulty,25,$0.00,0.1918666666666667
Home Scouting¬Æ MLS Mobile,32,$0.00,0.090935808982684
Home Security Camera WardenCam - reuse old phones,52,$0.00,0.20145736208236212
Home Workout - No Equipment,52,$0.00,0.3383518564768565
Home Workout for Men - Bodybuilding,26,$0.00,0.5234495192307692
"Home workouts - fat burning, abs, legs, arms,chest",8,$0.00,0.4482204861111111
HomeWork,1,$0.00,1.0
"Homes.com üè† For Sale, Rent",21,$0.00,0.23836580086580084
Homescapes,104,$0.00,0.038252643863011776
Homesnap Real Estate & Rentals,35,$0.00,0.2768480017006803
Homestyler Interior Design & Decorating Ideas,34,$0.00,0.1756305397541127
Homework Planner,37,$0.00,0.2775236133048633
Honkai Impact 3rd,152,$0.00,0.10148298021520948
Hopper - Watch & Book Flights,152,$0.00,0.17804420980980645
Horoscopes ‚Äì Daily Zodiac Horoscope and Astrology,35,$0.00,0.2643148577612863
Horses Live Wallpaper,33,$0.00,0.345458644890463
Hostelworld: Hostels & Cheap Hotels Travel App,130,$0.00,0.2534184783470496
Hot Wheels: Race Off,40,$0.00,-0.0088388979076479
HotelTonight: Book amazing deals at great hotels,381,$0.00,0.3289080583677043
Hotels Combined - Cheap deals,36,$0.00,0.16078538359788358
Hotels.com: Book Hotel Rooms & Find Vacation Deals,136,$0.00,0.10162220664781067
Hotspot Shield Free VPN Proxy & Wi-Fi Security,34,$0.00,0.2517647058823529
Hotstar,32,$0.00,0.03817782617308287
Hotwire Hotel & Car Rental App,33,$0.00,0.18702944624819626
Housing-Real Estate & Property,21,$0.00,-0.021426982409125276
